uploads/2024/08/icon-01-150x150.png	icons/instrument-guitar-150x150.png
uploads/2024/08/icon-01-300x300.png	icons/instrument-guitar-300x300.png
uploads/2024/08/icon-01.png	icons/instrument-guitar.png
uploads/2024/08/icon-02-150x150.png	icons/instrument-violin-150x150.png
uploads/2024/08/icon-02-300x300.png	icons/instrument-violin-300x300.png
uploads/2024/08/icon-02.png	icons/instrument-violin.png
uploads/2024/08/icon-03-150x150.png	icons/instrument-drums-150x150.png
uploads/2024/08/icon-03-300x300.png	icons/instrument-drums-300x300.png
uploads/2024/08/icon-03.png	icons/instrument-drums.png
uploads/2024/08/icon-04-150x150.png	icons/instrument-piano-150x150.png
uploads/2024/08/icon-04-300x300.png	icons/instrument-piano-300x300.png
uploads/2024/08/icon-04.png	icons/instrument-piano.png
uploads/2024/08/Logo-007-300x62.png	logos/client-01-300x62.png
uploads/2024/08/Logo-007.png	logos/client-01.png
uploads/2024/08/Shape-04.png	decor/shape-wave.png
uploads/2024/08/Shape.png	decor/shape-blob.png
uploads/2024/08/Testimonials-01-150x150.jpg	photos/student-01-150x150.jpg
uploads/2024/08/Testimonials-01-300x300.jpg	photos/student-01-300x300.jpg
uploads/2024/08/Testimonials-01.jpg	photos/student-01.jpg
uploads/2024/08/Testimonials-02-150x150.jpg	photos/student-02-150x150.jpg
uploads/2024/08/Testimonials-02-300x300.jpg	photos/student-02-300x300.jpg
uploads/2024/08/Testimonials-02.jpg	photos/student-02.jpg
uploads/2024/08/Testimonials-03-150x150.jpg	photos/student-03-150x150.jpg
uploads/2024/08/Testimonials-03-300x300.jpg	photos/student-03-300x300.jpg
uploads/2024/08/Testimonials-03.jpg	photos/student-03.jpg
uploads/2024/08/Testimonials-04-150x150.jpg	photos/student-04-150x150.jpg
uploads/2024/08/Testimonials-04-300x300.jpg	photos/student-04-300x300.jpg
uploads/2024/08/Testimonials-04.jpg	photos/student-04.jpg
uploads/2024/08/Testimonials-05-150x150.jpg	photos/student-05-150x150.jpg
uploads/2024/08/Testimonials-05-300x300.jpg	photos/student-05-300x300.jpg
uploads/2024/08/Testimonials-05.jpg	photos/student-05.jpg
uploads/2024/08/Blog-01-1024x681.jpg	blog/cover-01-1024x681.jpg
uploads/2024/08/Blog-01-300x200.jpg	blog/cover-01-300x200.jpg
uploads/2024/08/Blog-01-768x511.jpg	blog/cover-01-768x511.jpg
uploads/2024/08/Blog-01-800x532.jpg	blog/cover-01-800x532.jpg
uploads/2024/08/Blog-01.jpg	blog/cover-01.jpg
uploads/2024/08/Blog-02-1024x683.jpg	blog/cover-02-1024x683.jpg
uploads/2024/08/Blog-02-300x200.jpg	blog/cover-02-300x200.jpg
uploads/2024/08/Blog-02-768x512.jpg	blog/cover-02-768x512.jpg
uploads/2024/08/Blog-02-800x533.jpg	blog/cover-02-800x533.jpg
uploads/2024/08/Blog-02.jpg	blog/cover-02.jpg
uploads/2024/08/Blog-03-1024x682.jpg	blog/cover-03-1024x682.jpg
uploads/2024/08/Blog-03-300x200.jpg	blog/cover-03-300x200.jpg
uploads/2024/08/Blog-03-768x511.jpg	blog/cover-03-768x511.jpg
uploads/2024/08/Blog-03-800x533.jpg	blog/cover-03-800x533.jpg
uploads/2024/08/Blog-03.jpg	blog/cover-03.jpg
uploads/2024/08/Blog-04.jpg	blog/cover-04.jpg
uploads/2024/08/Blog-05-1024x683.jpg	blog/cover-05-1024x683.jpg
uploads/2024/08/Blog-05-300x200.jpg	blog/cover-05-300x200.jpg
uploads/2024/08/Blog-05-768x512.jpg	blog/cover-05-768x512.jpg
uploads/2024/08/Blog-05-800x533.jpg	blog/cover-05-800x533.jpg
uploads/2024/08/Blog-05.jpg	blog/cover-05.jpg
uploads/2024/08/Blog-06-1024x683.jpg	blog/cover-06-1024x683.jpg
uploads/2024/08/Blog-06-300x200.jpg	blog/cover-06-300x200.jpg
uploads/2024/08/Blog-06-768x512.jpg	blog/cover-06-768x512.jpg
uploads/2024/08/Blog-06-800x533.jpg	blog/cover-06-800x533.jpg
uploads/2024/08/Blog-06.jpg	blog/cover-06.jpg
uploads/2024/08/valse-img-01-1024x1024.jpg	photos/about-01-1024x1024.jpg
uploads/2024/08/valse-img-01-150x150.jpg	photos/about-01-150x150.jpg
uploads/2024/08/valse-img-01-300x300.jpg	photos/about-01-300x300.jpg
uploads/2024/08/valse-img-01-768x768.jpg	photos/about-01-768x768.jpg
uploads/2024/08/valse-img-01-800x800.jpg	photos/about-01-800x800.jpg
uploads/2024/08/valse-img-01.jpg	photos/about-01.jpg
uploads/2024/08/valse-img-012.jpg	photos/team-01.jpg
uploads/2024/08/valse-img-013.jpg	photos/team-02.jpg
uploads/2024/08/valse-img-014.jpg	photos/team-03.jpg
uploads/2024/08/valse-img-015.jpg	photos/team-04.jpg
uploads/2024/08/valse-img-02-1024x1024.jpg	photos/about-02-1024x1024.jpg
uploads/2024/08/valse-img-02-150x150.jpg	photos/about-02-150x150.jpg
uploads/2024/08/valse-img-02-300x300.jpg	photos/about-02-300x300.jpg
uploads/2024/08/valse-img-02-768x768.jpg	photos/about-02-768x768.jpg
uploads/2024/08/valse-img-02-800x800.jpg	photos/about-02-800x800.jpg
uploads/2024/08/valse-img-02.jpg	photos/about-02.jpg
uploads/2024/08/valse-img-020.jpg	photos/newsletter-bg.jpg
uploads/2024/08/valse-img-03-1024x1024.jpg	photos/about-03-1024x1024.jpg
uploads/2024/08/valse-img-03-150x150.jpg	photos/about-03-150x150.jpg
uploads/2024/08/valse-img-03-300x300.jpg	photos/about-03-300x300.jpg
uploads/2024/08/valse-img-03-768x768.jpg	photos/about-03-768x768.jpg
uploads/2024/08/valse-img-03-800x800.jpg	photos/about-03-800x800.jpg
uploads/2024/08/valse-img-03.jpg	photos/about-03.jpg
uploads/2024/08/valse-img-05-1024x1024.jpg	photos/about-04-1024x1024.jpg
uploads/2024/08/valse-img-05-150x150.jpg	photos/about-04-150x150.jpg
uploads/2024/08/valse-img-05-300x300.jpg	photos/about-04-300x300.jpg
uploads/2024/08/valse-img-05-768x768.jpg	photos/about-04-768x768.jpg
uploads/2024/08/valse-img-05-800x800.jpg	photos/about-04-800x800.jpg
uploads/2024/08/valse-img-05.jpg	photos/about-04.jpg
uploads/2024/08/valse-img-06-1024x534.jpg	photos/value-01-1024x534.jpg
uploads/2024/08/valse-img-06-300x156.jpg	photos/value-01-300x156.jpg
uploads/2024/08/valse-img-06-768x400.jpg	photos/value-01-768x400.jpg
uploads/2024/08/valse-img-06-800x417.jpg	photos/value-01-800x417.jpg
uploads/2024/08/valse-img-06.jpg	photos/value-01.jpg
uploads/2024/09/Gallery-01-1024x683.jpg	photos/gallery-01-1024x683.jpg
uploads/2024/09/Gallery-01-300x200.jpg	photos/gallery-01-300x200.jpg
uploads/2024/09/Gallery-01-768x512.jpg	photos/gallery-01-768x512.jpg
uploads/2024/09/Gallery-01-800x533.jpg	photos/gallery-01-800x533.jpg
uploads/2024/09/Gallery-01.jpg	photos/gallery-01.jpg
uploads/2024/09/Gallery-02-1024x1536.jpg	photos/gallery-02-1024x1536.jpg
uploads/2024/09/Gallery-02-1365x2048.jpg	photos/gallery-02-1365x2048.jpg
uploads/2024/09/Gallery-02-200x300.jpg	photos/gallery-02-200x300.jpg
uploads/2024/09/Gallery-02-683x1024.jpg	photos/gallery-02-683x1024.jpg
uploads/2024/09/Gallery-02-768x1152.jpg	photos/gallery-02-768x1152.jpg
uploads/2024/09/Gallery-02-800x1200.jpg	photos/gallery-02-800x1200.jpg
uploads/2024/09/Gallery-02.jpg	photos/gallery-02.jpg
uploads/2024/09/Gallery-03-1024x683.jpg	photos/gallery-03-1024x683.jpg
uploads/2024/09/Gallery-03-300x200.jpg	photos/gallery-03-300x200.jpg
uploads/2024/09/Gallery-03-768x512.jpg	photos/gallery-03-768x512.jpg
uploads/2024/09/Gallery-03-800x533.jpg	photos/gallery-03-800x533.jpg
uploads/2024/09/Gallery-03.jpg	photos/gallery-03.jpg
uploads/2024/09/Gallery-04-1029x1536.jpg	photos/gallery-04-1029x1536.jpg
uploads/2024/09/Gallery-04-1372x2048.jpg	photos/gallery-04-1372x2048.jpg
uploads/2024/09/Gallery-04-201x300.jpg	photos/gallery-04-201x300.jpg
uploads/2024/09/Gallery-04-686x1024.jpg	photos/gallery-04-686x1024.jpg
uploads/2024/09/Gallery-04-768x1146.jpg	photos/gallery-04-768x1146.jpg
uploads/2024/09/Gallery-04-800x1194.jpg	photos/gallery-04-800x1194.jpg
uploads/2024/09/Gallery-04.jpg	photos/gallery-04.jpg
uploads/2024/09/Gallery-05-1024x683.jpg	photos/gallery-05-1024x683.jpg
uploads/2024/09/Gallery-05-300x200.jpg	photos/gallery-05-300x200.jpg
uploads/2024/09/Gallery-05-768x512.jpg	photos/gallery-05-768x512.jpg
uploads/2024/09/Gallery-05-800x533.jpg	photos/gallery-05-800x533.jpg
uploads/2024/09/Gallery-05.jpg	photos/gallery-05.jpg
uploads/2024/09/Gallery-06-1024x683.jpg	photos/gallery-06-1024x683.jpg
uploads/2024/09/Gallery-06-300x200.jpg	photos/gallery-06-300x200.jpg
uploads/2024/09/Gallery-06-768x512.jpg	photos/gallery-06-768x512.jpg
uploads/2024/09/Gallery-06-800x533.jpg	photos/gallery-06-800x533.jpg
uploads/2024/09/Gallery-06.jpg	photos/gallery-06.jpg
uploads/2024/09/Logo-008.png	logos/client-02.png
uploads/2024/09/logo-preview-1-1-300x126.png	logos/client-04-300x126.png
uploads/2024/09/logo-preview-1-1-768x324.png	logos/client-04-768x324.png
uploads/2024/09/logo-preview-1-1-800x337.png	logos/client-04-800x337.png
uploads/2024/09/logo-preview-1-1.png	logos/client-04.png
uploads/2024/09/logo-preview-10-1-300x126.png	logos/client-10-300x126.png
uploads/2024/09/logo-preview-10-1-768x324.png	logos/client-10-768x324.png
uploads/2024/09/logo-preview-10-1-800x337.png	logos/client-10-800x337.png
uploads/2024/09/logo-preview-10-1.png	logos/client-10.png
uploads/2024/09/logo-preview-2-1-300x126.png	logos/client-05-300x126.png
uploads/2024/09/logo-preview-2-1-768x324.png	logos/client-05-768x324.png
uploads/2024/09/logo-preview-2-1-800x337.png	logos/client-05-800x337.png
uploads/2024/09/logo-preview-2-1.png	logos/client-05.png
uploads/2024/09/logo-preview-3-1-300x126.png	logos/client-06-300x126.png
uploads/2024/09/logo-preview-3-1-768x324.png	logos/client-06-768x324.png
uploads/2024/09/logo-preview-3-1-800x337.png	logos/client-06-800x337.png
uploads/2024/09/logo-preview-3-1.png	logos/client-06.png
uploads/2024/09/logo-preview-4-1-300x126.png	logos/client-07-300x126.png
uploads/2024/09/logo-preview-4-1-768x324.png	logos/client-07-768x324.png
uploads/2024/09/logo-preview-4-1-800x337.png	logos/client-07-800x337.png
uploads/2024/09/logo-preview-4-1.png	logos/client-07.png
uploads/2024/09/logo-preview-6-1-300x126.png	logos/client-08-300x126.png
uploads/2024/09/logo-preview-6-1-768x324.png	logos/client-08-768x324.png
uploads/2024/09/logo-preview-6-1-800x337.png	logos/client-08-800x337.png
uploads/2024/09/logo-preview-6-1.png	logos/client-08.png
uploads/2024/09/logo-preview-8-1-300x126.png	logos/client-09-300x126.png
uploads/2024/09/logo-preview-8-1-768x324.png	logos/client-09-768x324.png
uploads/2024/09/logo-preview-8-1-800x337.png	logos/client-09-800x337.png
uploads/2024/09/logo-preview-8-1.png	logos/client-09.png
uploads/2024/09/valse-img-016.jpg	photos/studio-01.jpg
uploads/2024/10/icon-05-150x150.png	icons/instrument-05-150x150.png
uploads/2024/10/icon-05-300x300.png	icons/instrument-05-300x300.png
uploads/2024/10/icon-05.png	icons/instrument-05.png
uploads/2024/10/icon-06-150x150.png	icons/instrument-06-150x150.png
uploads/2024/10/icon-06-300x300.png	icons/instrument-06-300x300.png
uploads/2024/10/icon-06.png	icons/instrument-06.png
uploads/2024/10/icon-07-150x150.png	icons/instrument-07-150x150.png
uploads/2024/10/icon-07-300x300.png	icons/instrument-07-300x300.png
uploads/2024/10/icon-07.png	icons/instrument-07.png
uploads/2024/10/icon-08-150x150.png	icons/instrument-08-150x150.png
uploads/2024/10/icon-08-300x300.png	icons/instrument-08-300x300.png
uploads/2024/10/icon-08.png	icons/instrument-08.png
uploads/2024/10/Logo-009-300x62.png	logos/client-03-300x62.png
uploads/2024/10/Logo-009.png	logos/client-03.png
uploads/2024/10/valse-img-017.jpg	photos/studio-02.jpg
uploads/2024/10/valse-img-018.jpg	photos/studio-03.jpg
uploads/2024/10/valse-img-019-683x1024.jpg	photos/instructor-01-683x1024.jpg
uploads/elementor/thumbs/valse-img-012-qt7l1oapr1jyq2cbudkv7e4ajv9g7yj8g73ilg0rv4.jpg	photos/team-01.jpg
uploads/elementor/thumbs/valse-img-013-qt7l1p8jxvl91oayovzhrvvr594tfnmysbr02pzdow.jpg	photos/team-02.jpg
uploads/elementor/thumbs/valse-img-014-qt7l1q6e4pmjda9ljee4cdn7qn06ncqp4gehjzxzio.jpg	photos/team-03.jpg
uploads/elementor/thumbs/valse-img-015-qt7laahgedcl5dtrj3nr27uel0sks2qnmudqyr8uts.jpg	photos/team-04.jpg
uploads/elementor/thumbs/valse-img-07-qt6ilam47iaonnzapl7trzp90r207luka7euynvvvs.jpg	photos/why-01.jpg
uploads/elementor/thumbs/valse-img-08-qt6ilbjyecbyz9xxk3mgchgpm4xdfayamc2cfxuhpk.jpg	photos/why-02.jpg
uploads/elementor/thumbs/valse-img-09-qt6iledgyufty3tu3muc1yr3eajh2e9hmq0svrqb6w.jpg	photos/why-03.jpg
