# Mapping token cu -> moi (old<TAB>new). Ap dung theo do dai giam dan, co boundary.
# ===== Trang (page scope) =====
el-1683	page-topbar
el-678	page-footer
el-1111	page-shop
el-1144	page-course
el-1461	page-pricing
el-1349	page-contact
el-34	page-home
el-8	page-base
el-root	page-root
# ===== Khung phan tu =====
el-element	block
el-widget-container	module-body
el-widget-heading	module-heading
el-widget-image	module-image
el-widget-button	module-button
el-widget-text-editor	module-text
el-widget-spacer	module-spacer
el-widget-divider	module-divider
el-widget-icon-list	module-icon-list
el-widget-text-path	module-text-path
el-widget-social-icons	module-social-icons
el-widget-jkit_animated_text	module-animated-text
el-widget-jkit_icon_box	module-icon-box
el-widget-jkit_fun_fact	module-stat-counter
el-widget-jkit_nav_menu	module-nav-menu
el-widget-jkit_mailchimp	module-newsletter
el-widget-jkit_testimonials	module-testimonials
el-widget-metform	module-contact-form
el-widget__width-auto	module-width-auto
el-widget__width-initial	module-width-initial
el-widget-mobile__width-initial	module-width-mobile-initial
el-widget-laptop__width-initial	module-width-laptop-initial
el-widget	module
el-widget-icon-box	module-icon-box
el-widget-jkit_post_block	module-post-grid
el-widget-jkit_client_logo	module-client-carousel
el-widget-mf-listing-fname	module-form-name
el-widget-mf-email	module-form-email
el-widget-mf-telephone	module-form-phone
el-widget-mf-textarea	module-form-message
el-widget-mf-input-text	module-form-text
el-widget-mf-button	module-form-submit
el-widget-mf-checkbox	module-form-checkbox
el-widget-mf-date	module-form-date
el-widget-mf-time	module-form-time
el-widget-mf-url	module-form-url
el-widget-mf-range	module-form-range
el-widget-google_maps	module-google-maps
el-widget-video	module-video
el-widget-theme-post-content	module-post-content
el-widget-archive-posts	module-archive-posts
el-icon-list--layout-traditional	link-list-layout-traditional
el-container	con-legacy
el-section	section-legacy
el-form	form-legacy
el-icon	social-icon
el-repeater-item-26de3bc	testimonial-tone-3
el-repeater-item-3a7cc67	testimonial-tone-4
el-repeater-item-f9dcbf0	testimonial-tone-5
# ===== Tieu de / nut / can le / hieu ung =====
el-heading-title	module-title
el-size-default	size-default
el-size-sm	size-sm
el-button-content-wrapper	btn-theme-content
el-button-wrapper	btn-theme-wrapper
el-button-link	btn-theme-link
el-button-icon	btn-theme-icon
el-button-text	btn-theme-text
el-button	btn-theme
el-animation-shrink	anim-shrink
el-invisible	anim-pending
el-align-justify	align-justify
el-align-center	align-center
el-align-right	align-right
el-align-left	align-left
el-mobile-align-center	align-mobile-center
el-mobile-align-left	align-mobile-left
el-mobile-align-right	align-mobile-right
# ===== Danh sach lien ket (breadcrumb/footer links) =====
el-icon-list--layout-inline	link-list-layout-inline
el-list-item-link-full_width	link-list-fullwidth
el-icon-list-items	link-list
el-icon-list-item	link-list-item
el-icon-list-text	link-list-text
el-icon-list-icon	link-list-icon
el-inline-items	link-list-inline
el-inline-item	link-list-inline-item
# =====spacer / divider / social=====
el-spacer-inner	spacer-inner
el-spacer	spacer
el-divider-separator	divider-separator
el-divider	divider
el-widget-divider--view-line	module-divider-line
el-social-icons-wrapper	social-links
el-social-icon-jki-facebook-f	social-link-facebook
el-social-icon-jki-instagram-1-light	social-link-instagram
el-social-icon-jki-pinterest-light	social-link-pinterest
el-social-icon-jki-linkedin-light	social-link-linkedin
el-social-icon-x-twitter	social-link-x
el-social-icon	social-link
el-social-icon-icon-color	social-link-icon-color
el-screen-only	screen-only
el-grid-align-right	grid-align-right
el-grid-align-left	grid-align-left
el-grid-align-center	grid-align-center
el-grid-align-mobile-center	grid-align-mobile-center
el-grid-align-mobile-left	grid-align-mobile-left
el-grid-align-mobile-right	grid-align-mobile-right
el-grid-align-tablet-center	grid-align-tablet-center
el-grid-align-tablet-left	grid-align-tablet-left
el-grid-align-tablet-right	grid-align-tablet-right
el-grid-item	widget-grid-item
el-grid-0	widget-grid-0
el-grid	widget-grid
el-shape-rounded	shape-rounded
el-repeater-item-76a9e62	social-tone-facebook
el-repeater-item-866e3cf	social-tone-x
el-repeater-item-302ff58	social-tone-instagram
el-repeater-item-41aeb4d	social-tone-pinterest
el-repeater-item-6126b9e	social-tone-linkedin
el-repeater-item-404811e	testimonial-tone-1
el-repeater-item-4541f24	testimonial-tone-2
el-repeater-item-682d402	testimonial-tone-3
el-repeater-item-337dd98	testimonial-tone-4
el-repeater-item-76d3ba0	testimonial-tone-5
# ===== an/hien theo thiet bi, nen dong =====
el-hidden-desktop	hidden-desktop
el-hidden-laptop	hidden-laptop
el-hidden-tablet	hidden-tablet
el-hidden-mobile	hidden-mobile
el-motion-effects-element-type-background	bg-motion-source
el-motion-effects-container	bg-motion-container
el-motion-effects-layer	bg-motion-layer
el-background-video-container	bg-video-container
el-background-slideshow	bg-slideshow
el-active	nav-open
el-sticky	is-stuck
el-edit-mode	is-editing
el-cid	js-cid
el-action	js-action
el-sign	js-sign
el-lazyload	bg-lazy
# ===== He thong section (cu: e-con) =====
e-con-inner	section-inner
e-con-boxed	section-boxed
e-con-full	section-full
e-con-grid-template-columns	section-grid-columns
e-con-grid-template-rows	section-grid-rows
e-con-transform-flip	fx-con-transform-flip
e-con-transform-origin-x	fx-con-transform-origin-x
e-con-transform-origin-y	fx-con-transform-origin-y
e-con-transform-perspective	fx-con-transform-perspective
e-con-transform-rotate	fx-con-transform-rotate
e-con-transform-scale	fx-con-transform-scale
e-con-transform-skew	fx-con-transform-skew
e-con-transform-transition-duration	fx-con-transform-duration
e-con-transform-translate	fx-con-transform-translate
e-con-transform	fx-con-transform
e-column-margin-left	col-margin-left
e-column-margin-right	col-margin-right
e-con	section
e-parent	section-parent
e-child	section-child
e-flex	section-flex
e-grid	section-grid
e-text-path	text-ring
e-lazyloaded	bg-loaded
e-no-lazyload	bg-no-lazy
e-font-icon-svg	icon-svg
e-fab-x-twitter	icon-x-twitter
e-fas-angle-left	icon-angle-left
e-fas-angle-right	icon-angle-right
e-fas-check	icon-check
e-icon-list-icon-align	link-list-icon-align
e-icon-list-icon-margin	link-list-icon-margin
e-icon-list-icon-size	link-list-icon-size
e-swiper-container	slider-container
e-widget-swiper	slider-widget
e-logo-wrapper	brand-logo
e-form	form
e-transform-flip	fx-transform-flip
e-transform-origin-x	fx-transform-origin-x
e-transform-origin-y	fx-transform-origin-y
e-transform-perspective	fx-transform-perspective
e-transform-rotate	fx-transform-rotate
e-transform-scale	fx-transform-scale
e-transform-skew	fx-transform-skew
e-transform-transition-duration	fx-transform-duration
e-transform-translate	fx-transform-translate
e-transform	fx-transform
e--ua-apple	ua-apple
e--ua-appleWebkit	ua-apple-webkit
icon-quote2	glyph-quote
el-widget-jkit_button	module-button
el-widget-jkit_heading	module-heading
el-widget-jkit_accordion	module-accordion
widget-jkit_button	module-button
widget-jkit_heading	module-heading
widget-jkit_accordion	module-accordion
data-wp-nonce	data-api-nonce
data-mf-form-conditional-logic-requirement	data-form-conditional-logic
ekit-wid-con	ui-wid-con
icon-ekit	ui-icon-kit
e-a-bg-logo	fx-bg-logo
e-a-color-logo	fx-color-logo
e-container--column	con-legacy-column
e-container--row	con-legacy-row
e-container	con-legacy
# ===== Bien mau toan cuc (hash -> ngu nghia) =====
e-global-color-primary	color-primary
e-global-color-secondary	color-secondary
e-global-color-text	color-text
e-global-color-accent	color-accent
e-global-color-0f01f5c	color-gold
e-global-color-17e5b02	color-sky
e-global-color-3099df0	color-cream
e-global-color-495d27d	color-gray-light
e-global-color-4a5499b	color-sand
e-global-color-659f957	color-line
e-global-color-742343e	color-coffee
e-global-color-a567df4	color-white
e-global-color-b96bd57	color-blue
e-global-color-f2f4693	color-navy-soft
# ===== JKit: menu =====
jeg-el-kit	js-widget
jkit-nav-menu	nav-menu
jkit-menu	nav-list
jkit-menu-wrapper	nav-panel
jkit-menu-container	nav-scroller
jkit-menu-direction-flex	nav-menu-row
jkit-submenu-position-top	nav-submenu-top
jkit-hamburger-menu	nav-toggle
jkit-close-menu	nav-close
jkit-overlay	nav-overlay
jkit-nav-identity-panel	nav-brand-panel
jkit-nav-site-title	nav-brand
jkit-nav-logo	nav-brand-link
jkit-mega-menu-wrapper	mega-menu-panel
jkit-nav-menu-loaded	nav-menu-loaded
jkit-nav-dropdown-click	nav-dropdown-click
jkit-nav-dropdown-hover	nav-dropdown-hover
jkit-vertical-menu-container	nav-vertical-container
jkit-vertical-navbar-nav	nav-vertical-list
jkit-vertical-main-menu-on-click	nav-vertical-click
jkit-menu-badge	menu-badge
jkit-menu-badge-arrow	menu-badge-arrow
jkit-menu-icon	menu-icon
jkit-menu-nav-link	menu-nav-link
sub-menu	nav-submenu
menu-item-has-children	nav-item-children
menu-item-home	nav-item-home
current-menu-item	nav-item-current
current-menu-ancestor	nav-item-ancestor
current-menu-parent	nav-item-parent
current_page_item	nav-item-current
menu-item-type-post_type	nav-kind-page
menu-item-object-page	nav-kind-page
menu-item-type-custom	nav-kind-custom
menu-item-object-custom	nav-kind-custom
jkit-template	site-frame
jkit-color-scheme	color-scheme
# ===== JKit: icon box =====
jkit-icon-box-wrapper	feature-card-inner
jkit-icon-box	feature-card
icon-box-header	feature-box-head
icon-box-body	feature-box-body
icon-box-description	feature-box-desc
icon-box-button	feature-box-btn
icon-box-link	feature-box-link
icon-box-content	feature-box-content
icon-box-title	feature-box-title
icon-box-wrapper	feature-box-wrapper
icon-box	feature-box
jkit-equal-height-disable	equal-height-off
jkit-equal-height-enable	equal-height-on
hover-from-left	hover-left
icon-position-before	icon-before
icon-position-after	icon-after
icon-position-right	icon-right
icon-position-left	icon-left
style-color	accent
# ===== JKit: animated text / fun fact / client logo =====
jkit-animated-text	animated-heading
animated-text	animated-heading-text
jkit-animated-blinds-in	fx-blinds-in
jkit-animated-bounce-in	fx-bounce-in
jkit-animated-bounce-out	fx-bounce-out
jkit-animated-dash	fx-dash
jkit-animated-drop-in-in	fx-drop-in
jkit-animated-drop-in-out	fx-drop-out
jkit-animated-flip-in	fx-flip-in
jkit-animated-flip-out	fx-flip-out
jkit-animated-pulse	fx-pulse
jkit-animated-rubber-band-in	fx-rubber-in
jkit-animated-rubber-band-out	fx-rubber-out
jkit-animated-slide-down-in	fx-slide-down-in
jkit-animated-slide-down-out	fx-slide-down-out
jkit-animated-slide-left-in	fx-slide-left-in
jkit-animated-slide-left-out	fx-slide-left-out
jkit-animated-slide-right-in	fx-slide-right-in
jkit-animated-slide-right-out	fx-slide-right-out
jkit-animated-slide-up-in	fx-slide-up-in
jkit-animated-slide-up-out	fx-slide-up-out
jkit-animated-swing-in	fx-swing-in
jkit-animated-swing-out	fx-swing-out
jkit-animated-swirl-in	fx-swirl-in
jkit-animated-wave-up	fx-wave-up
jkit-fun-fact	stat-counter
fun-fact-inner	stat-counter-inner
jkit-client-logo	client-carousel
jkit-testimonials	testimonial-carousel
testimonials-list	carousel-list
testimonials-track	carousel-track
testimonial-item	carousel-cell
testimonial-box	testimonial-card
testimonial-slider	testimonial-slide
comment-bio	testimonial-head
profile-image	testimonial-avatar
profile-info	testimonial-meta
profile-name	testimonial-name
profile-des	testimonial-role
comment-content	testimonial-body
icon-content	testimonial-quote-mark
arrow-bottom-middle	arrows-bottom-middle
# ===== JKit: form (newsletter) =====
jkit-mailchimp-form	newsletter-form
jkit-mailchimp-message	newsletter-message
jkit-mailchimp-email	newsletter-input
jkit-mailchimp-submit	newsletter-submit
jkit-mailchimp	newsletter
jkit-form-wrapper	form-row
jkit-form-group	form-group
jkit-form-control	form-control
jkit-input-wrapper	input-wrap
jkit-input-group-icon	input-group-icon
jkit-input-group-text	input-group-text
jkit-input-group	input-group
jkit-input-element-container	input-holder
jkit-input-label	input-label
jkit-submit-input-holder	submit-holder
jkit-button-wrapper	ui-button-wrapper
jkit-button	ui-button
jkit-email	email-field
position-before	pos-before
# ===== JKit: post block =====
jkit-postblock-content	post-grid-body
jkit-postlist-content	post-grid-body
jkit-postlist-title	post-grid-title
jkit-postlist	post-grid
jkit-postblock	post-grid
jkit-post-title	post-card-title
jkit-post-category	post-card-category
jkit-post-meta-bottom	post-card-meta-bottom
jkit-post-meta	post-card-meta
jkit-post-excerpt	post-card-excerpt
jkit-post-date	post-card-date
jkit-post-comment	post-card-comment
jkit-post-author	post-card-author
jkit-post-terms	post-card-terms
jkit-posts	post-grid
jkit-post	post-card
jkit-thumb	post-card-thumb
jkit-meta-author	post-meta-author
jkit-meta-date	post-meta-date
jkit-meta-comment	post-meta-comment
jkit-block-container	post-block
jkit-element-pagination_option	ui-pagination-option
jkit-pagination-disable	pagination-off
jkit-border-color	border-accent
jkit-heading	ui-heading
jkit-heading-elementskit-border-divider	ui-heading-border
# ===== Metform =====
metform-form-main-wrapper	contact-form-main
metform-form-content	contact-form-content
metform-formpicker-key	form-key
metform-form	contact-form
metform-form-main	contact-form-main
metform-response	contact-form-response
metform-submit-btn	contact-form-submit
metform-btn	contact-form-btn
metform-steps	form-steps
metform-step-icon	form-step-icon
metform-step-item	form-step-item
metform-step-title	form-step-title
metform-step-svg-icon	form-step-svg-icon
metform-wrap-fb6	contact-form-wrap
metform-zoom-in-full	form-zoom-in
metform-zoom-out-zero	form-zoom-out
metform-ui	contact-form-ui
metform-app-js-extra	contact-form-app-config
mf-response-props-id-	form-response-id-
mf-listing-fname	contact-name
mf-email_527908	contact-email
mf-telephone	contact-phone
mf-title	contact-subject
mf-textarea	contact-message
formpicker_warper_editable	form-picker-editable
formpicker_warper	form-picker
# ===== Data attributes =====
data-elementor-type	data-page-type
data-elementor-id	data-page-id
data-element_type	data-block-type
data-widget_type	data-module-type
data-metform-formpicker-key	data-form-key
# ===== Gia tri data-module-type (underscore) =====
jkit_animated_text	animated_heading
jkit_icon_box	feature_card
jkit_fun_fact	stat_counter
jkit_nav_menu	site_nav
jkit_mailchimp	newsletter
jkit_testimonials	testimonial_carousel
jkit_client_logo	client_carousel
jkit_post_block	post_grid
jkit_accordion	ui_accordion
jkit_button	ui_button
jkit_heading	ui_heading
e-div-block-base	ui-div-block
# ===== JS config / API =====
elementorFrontendConfig	appFrontendConfig
elementorFrontend	appFrontend
elementor-device-mode	device-mode
jkit_ajax_url	ui_ajax_url
jkit_nonce	ui_nonce
jkit_elements	ui_elements
jkit-ajax-request	ui-ajax-request
jkit-ajax-flag	ui-ajax-flag
jkit-ajax-loaded	ui-ajax-loaded
jkit_element_ajax_jkit_mailchimp	ui_element_ajax_newsletter
wpPreview	appPreview
wpNonce	apiNonce
wp-nonce	api-nonce
# ===== WP media classes =====
attachment-source-library	image-cover
attachment-full	image-full
attachment-large	image-large
wp-post-image	post-image
# ===== icon font jki =====
jki-angle-right-solid	glyph-angle-right
jki-burger-menu-light	glyph-burger
jki-cancel-light	glyph-cancel
jki-check-solid	glyph-check
jki-down-arrow1-light	glyph-arrow-down
jki-up-arrow1-light	glyph-arrow-up
jki-facebook-f	glyph-facebook
jki-instagram-1-light	glyph-instagram
jki-pinterest-light	glyph-pinterest
jki-linkedin-light	glyph-linkedin
jki-quote2-light	glyph-quote
jki-testimonial-quote-light	glyph-quote
jkiticon	valseicons
# ===== hello theme =====
hello-el-default	site-default
hello-elementor	site-base
# ===== elementskit du doan lois (neu con sot trong css giu lai) =====
ekiticons	valseicons
single-metform-form	single-contact-form
# ===== Fallback cuoi cung (chay sau token cu the) =====
jkit-	ui-
jkit_	ui_
jeg-	ui-
jeg_	ui_
jki-	glyph-
jki	glyph
mf-	cf-
mf_	cf_
metform	contactform
wp-	site-
hello-	site-
el-	
elementor	app
Elementor	App
